id;street_address;postal_code;city;state_province
1;monitor 1080p Checking Account;world-class Frozen IB;Isobelborough;Fantastic Plastic Chicken
2;payment;withdrawal COM;West Blake;bus synthesize Idaho
3;Networked Sleek Metal Table Small;Intelligent Outdoors;Jarrellburgh;Buckinghamshire Corporate
4;Investment Account;override User-centric;New Effiechester;JSON
5;virtual deposit;Squares mint green e-business;Lindborough;Fresh granular Direct
6;Profit-focused;Jewelery cutting-edge;North Casimir;Iraq Bedfordshire
7;Concrete 24/7 Directives;sky blue;Maynardbury;Tasty Concrete Chips Exclusive
8;Buckinghamshire capability zero tolerance;mission-critical;Kuvalisbury;Home
9;Investor Public-key;Lebanon;Port Kattie;Credit Card Account
10;navigate;Re-contextualized;Hilllview;Orchestrator deliver
